"知识点 (点击链接学习)","类型","模块","计划学习时间","完成状态","附件"
https://github.com/mqyqingfeng/Blog/issues/2,javascript,前端基础,2021/02/18 00:00,复习中,
https://github.com/mqyqingfeng/Blog/issues/16,javascript,前端基础,2021/02/18 00:00,未开始,
https://github.com/mqyqingfeng/Blog/issues/6,javascript,前端基础,2021/02/18 00:00,复习中,
https://github.com/mqyqingfeng/Blog/issues/9,javascript,前端基础,2021/02/18 00:00,已完成，待复习,
https://github.com/mqyqingfeng/Blog/issues/5,javascript,前端基础,2021/02/19 00:00,已掌握,
https://github.com/mqyqingfeng/Blog/issues/7,javascript,前端基础,2021/02/19 00:00,已完成，待复习,
https://segmentfault.com/a/1190000003985390,javascript,前端基础,2021/02/19 00:00,未开始,
https://juejin.cn/post/6844903613584654344,javascript,前端基础,2021/02/19 00:00,已完成，待复习,
https://github.com/mqyqingfeng/Blog/issues/12,javascript,前端基础,2021/02/20 00:00,未开始,
https://segmentfault.com/a/1190000018017796,javascript,前端基础,2021/02/20 00:00,未开始,
https://github.com/mqyqingfeng/Blog/issues/42,javascript,前端基础,2021/02/20 00:00,未开始,
https://juejin.cn/post/6844904016325902344,javascript,前端基础,2021/02/20 00:00,未开始,
https://github.com/mqyqingfeng/Blog/issues/155,javascript,前端基础,2021/02/21 00:00,未开始,
https://github.com/mqyqingfeng/Blog/issues/13,javascript,前端基础,2021/02/21 00:00,已完成，待复习,
https://zhuanlan.zhihu.com/p/33058983,javascript,前端基础,2021/02/21 00:00,未开始,
https://juejin.cn/post/6844904063570542599,javascript,前端基础,2021/02/22 00:00,未开始,
http://www.alloyteam.com/2016/02/generators-in-depth/,javascript,前端基础,2021/02/22 00:00,已完成，待复习,
https://segmentfault.com/a/1190000013069516,css,前端基础,2021/02/23 00:00,已完成，待复习,
https://segmentfault.com/a/1190000013424772,css,前端基础,2021/02/23 00:00,已完成，待复习,
https://zhuanlan.zhihu.com/p/25321647,css,前端基础,2021/02/23 00:00,已完成，待复习,
https://developer.mozilla.org/zh-CN/docs/Learn/CSS/CSS_layout/%E5%AE%9A%E4%BD%8D,css,前端基础,2021/02/23 00:00,已完成，待复习,
https://developer.mozilla.org/zh-CN/docs/Web/CSS/CSS_Flexible_Box_Layout/Basic_Concepts_of_Flexbox,css,前端基础,2021/02/23 00:00,未开始,
https://zhuanlan.zhihu.com/p/41604775,css,前端基础,2021/02/23 00:00,已完成，待复习,
https://juejin.cn/post/6844903817104850952,css,前端基础,2021/02/24 00:00,未开始,
https://segmentfault.com/a/1190000010780991,css,前端基础,2021/02/24 00:00,已完成，待复习,
https://juejin.cn/post/6844904034281734151#heading-9,css,前端基础,2021/02/24 00:00,已完成，待复习,
https://blog.csdn.net/weixin_43883485/article/details/103504171,css,前端基础,2021/02/24 00:00,已完成，待复习,
https://www.zhangxinxu.com/wordpress/2016/01/understand-css-stacking-context-order-z-index/,css,前端基础,2021/02/24 00:00,已完成，待复习,
https://juejin.cn/post/6844903821529841671,css,前端基础,2021/02/24 00:00,已完成，待复习,
https://segmentfault.com/a/1190000012739764,css,前端基础,2021/02/24 00:00,已完成，待复习,
,css,前端基础,,,
https://www.cnblogs.com/yc8930143/p/7237456.html,html&浏览器,前端基础,2021/02/25 00:00,未开始,
https://juejin.cn/post/6844903811232825357,html&浏览器,前端基础,2021/02/25 00:00,未开始,
https://blog.csdn.net/Charissa2017/article/details/104779412,html&浏览器,前端基础,2021/02/25 00:00,未开始,
https://blog.poetries.top/browser-working-principle/guide/part5/lesson22.html#javascript-%E6%98%AF%E5%A6%82%E4%BD%95%E5%BD%B1%E5%93%8D-dom-%E7%94%9F%E6%88%90%E7%9A%84,html&浏览器,前端基础,2021/02/25 00:00,未开始,
https://javascript.ruanyifeng.com/dom/event.html,html&浏览器,前端基础,2021/02/26 00:00,已掌握,
https://juejin.cn/post/6844903593275817998,html&浏览器,前端基础,2021/02/26 00:00,未开始,
https://xie.infoq.cn/article/5d36d123bfd1c56688e125ad3,html&浏览器,前端基础,2021/02/26 00:00,未开始,
https://www.html5rocks.com/zh/tutorials/internals/howbrowserswork/,html&浏览器,前端基础,2021/02/27 00:00,未开始,
https://segmentfault.com/a/1190000020231307,html&浏览器,前端基础,2021/02/27 00:00,未开始,
https://juejin.cn/post/6850037273312886797,性能,前端基础,2021/02/28 00:00,未开始,
https://alienzhou.com/projects/fe-performance-journey/#%E6%97%85%E9%80%94%E7%9A%84%E8%A1%8C%E7%A8%8B%E8%B7%AF%E7%BA%BF,性能,前端基础,2021/02/28 00:00,未开始,performance-checklist-1.4.pdf
https://juejin.cn/post/6844904083212468238,性能,前端基础,2021/02/28 00:00,未开始,
https://cloud.tencent.com/developer/article/1508941,性能,前端基础,2021/02/28 00:00,未开始,
https://zhuanlan.zhihu.com/p/33370207,性能,前端基础,2021/03/01 00:00,未开始,
https://www.jianshu.com/p/d616d887953a,性能,前端基础,2021/03/01 00:00,已掌握,
https://www.jianshu.com/p/d24a891d4de6,性能,前端基础,2021/03/02 00:00,未开始,
https://segmentfault.com/a/1190000014520786,性能,前端基础,2021/03/02 00:00,未开始,
https://segmentfault.com/a/1190000017466120,工程化,前端基础,2021/03/03 00:00,已掌握,
https://juejin.cn/post/6844903544756109319,工程化,前端基础,2021/03/03 00:00,未开始,
https://www.h5w3.com/19480.html,工程化,前端基础,2021/03/04 00:00,未开始,
https://my.oschina.net/u/4088983/blog/4545928,工程化,前端基础,2021/03/04 00:00,未开始,
https://developer.aliyun.com/article/61047,工程化,前端基础,2021/03/05 00:00,未开始,
https://juejin.cn/post/6844903789804126222,工程化,前端基础,2021/03/05 00:00,未开始,
https://github.com/youngwind/blog/issues/101,工程化,前端基础,2021/03/05 00:00,未开始,
https://tech.antfin.com/community/articles/536,工程化,前端基础,2021/03/06 00:00,未开始,
https://juejin.cn/post/6844903988794671117,React,框架,2021/03/07 00:00,未开始,
https://segmentfault.com/a/1190000019994425,React,框架,2021/03/07 00:00,未开始,
https://juejin.cn/post/6844903781813993486,React,框架,2021/03/07 00:00,未开始,
https://zhuanlan.zhihu.com/p/57346388,React,框架,2021/03/08 00:00,未开始,
https://zhuanlan.zhihu.com/p/24776678,React,框架,2021/03/09 00:00,未开始,
https://github.com/HuJiaoHJ/blog/issues/12,React,框架,2021/03/09 00:00,未开始,
https://github.com/brickspert/blog/issues/36,React,框架,2021/03/09 00:00,未开始,
https://cn.redux.js.org/docs/introduction/ThreePrinciples.html,Redux,框架,2021/03/10 00:00,未开始,
https://tech.meituan.com/2017/07/14/redux-design-code.html,Redux,框架,2021/03/10 00:00,未开始,
https://juejin.cn/post/6844903869730799629,Vue,框架,2021/03/11 00:00,未开始,
https://www.cnblogs.com/tugenhua0707/p/11760466.html,Vue,框架,2021/03/11 00:00,未开始,
https://juejin.cn/post/6844903927129849864,Vue,框架,2021/03/11 00:00,未开始,
https://www.cnblogs.com/leiting/p/13174545.html,Vue,框架,2021/03/11 00:00,未开始,
https://juejin.cn/post/6844903950886371342,Vue,框架,2021/03/11 00:00,未开始,
https://zhuanlan.zhihu.com/p/134593762?utm_source=wechat_session,Vue,框架,,,
https://ant.design/components/overview-cn/,Vue,框架,,,
https://leetcode-cn.com/problems/fibonacci-number/,算法,算法,2021/03/12 00:00,未开始,
https://leetcode-cn.com/problems/he-bing-liang-ge-pai-xu-de-lian-biao-lcof/,算法,算法,2021/03/12 00:00,复习中,
https://leetcode-cn.com/problems/fan-zhuan-lian-biao-lcof/,算法,算法,2021/03/12 00:00,未开始,
https://leetcode-cn.com/problems/linked-list-cycle/,算法,算法,2021/03/12 00:00,未开始,
https://leetcode-cn.com/problems/valid-parenthesis-string/,算法,算法,2021/03/13 00:00,未开始,
https://leetcode-cn.com/problems/kth-largest-element-in-an-array/,算法,算法,2021/03/13 00:00,未开始,
https://wizardforcel.gitbooks.io/the-art-of-programming-by-july/content/02.03.html,算法,算法,2021/03/13 00:00,未开始,
https://leetcode-cn.com/problems/smallest-string-with-a-given-numeric-value/,算法,算法,2021/03/13 00:00,未开始,
https://leetcode-cn.com/problems/er-cha-shu-de-shen-du-lcof/,算法,算法,2021/03/14 00:00,未开始,
https://leetcode-cn.com/problems/binary-tree-level-order-traversal/,算法,算法,2021/03/14 00:00,未开始,
https://leetcode-cn.com/problems/valid-sudoku/,算法,算法,2021/03/14 00:00,未开始,
https://leetcode-cn.com/problems/sqrtx/,算法,算法,2021/03/14 00:00,未开始,
https://leetcode-cn.com/problems/implement-trie-prefix-tree/,算法,算法,2021/03/15 00:00,未开始,
https://leetcode-cn.com/problems/climbing-stairs/,算法,算法,2021/03/15 00:00,未开始,
https://leetcode-cn.com/problems/shortest-distance-to-a-character/,算法,算法,2021/03/15 00:00,未开始,
https://leetcode-cn.com/problems/lru-cache/,算法,算法,2021/03/16 00:00,未开始,
https://leetcode-cn.com/problems/invert-binary-tree/,算法,算法,2021/03/16 00:00,未开始,
https://www.cnblogs.com/rubylouvre/archive/2009/09/18/1568794.html,编程题,算法,2021/03/17 00:00,未开始,
https://cloud.tencent.com/developer/article/1497418,编程题,算法,2021/03/17 00:00,未开始,
https://juejin.cn/post/6844904093467541517,编程题,算法,2021/03/17 00:00,已掌握,
https://zhuanlan.zhihu.com/p/72179476,编程题,算法,2021/03/17 00:00,未开始,
https://segmentfault.com/a/1190000021366004,编程题,算法,2021/03/17 00:00,进行中,
https://github.com/mqyqingfeng/Blog/issues/22,编程题,算法,2021/03/18 00:00,未开始,
https://github.com/mqyqingfeng/Blog/issues/26,编程题,算法,2021/03/18 00:00,未开始,
https://leetcode-cn.com/problems/reverse-string/,编程题,算法,2021/03/18 00:00,未开始,
https://github.com/mqyqingfeng/Blog/issues/27,编程题,算法,2021/03/18 00:00,未开始,
https://www.jianshu.com/p/928c68f92c0c,编程题,算法,2021/03/18 00:00,未开始,
https://leetcode-cn.com/problems/palindrome-number/,编程题,算法,2021/03/19 00:00,未开始,
https://github.com/mqyqingfeng/Blog/issues/63,编程题,算法,2021/03/19 00:00,未开始,
https://blog.csdn.net/huang_miao_xin/article/details/51331710,编程题,算法,2021/03/19 00:00,未开始,
https://leetcode-cn.com/problems/count-primes/solution/ru-he-gao-xiao-pan-ding-shai-xuan-su-shu-by-labula/,编程题,算法,2021/03/19 00:00,未开始,
https://juejin.cn/post/6844903801321685000,操作系统,基础,2021/03/20 00:00,未开始,
https://www.jianshu.com/p/c1015f5ffa74,操作系统,基础,2021/03/20 00:00,未开始,
https://blog.csdn.net/qq_35642036/article/details/82809812,操作系统,基础,2021/03/20 00:00,未开始,
https://www.jianshu.com/p/44125bb12ebf,操作系统,基础,2021/03/20 00:00,未开始,
https://imageslr.github.io/2020/02/27/select-poll-epoll.html,操作系统,基础,2021/03/20 00:00,未开始,
https://zhuanlan.zhihu.com/p/32059190,网络,基础,2021/03/21 00:00,未开始,
https://coolshell.cn/articles/19840.html,网络,基础,2021/03/21 00:00,未开始,
https://zhuanlan.zhihu.com/p/26682342,网络,基础,2021/03/21 00:00,未开始,
https://juejin.cn/post/6844903984524705800,网络,基础,2021/03/21 00:00,未开始,
https://blog.csdn.net/wolfGuiDao/article/details/108729560,网络,基础,2021/03/21 00:00,未开始,
https://blog.csdn.net/LL845876425/article/details/106393358,网络,基础,2021/03/21 00:00,未开始,
https://coolshell.cn/articles/11564.html,网络,基础,2021/03/22 00:00,未开始,
https://zhuanlan.zhihu.com/p/337678680,网络,基础,2021/03/22 00:00,未开始,
https://juejin.cn/post/6844904030905303054,Node,大前端,2021/03/23 00:00,未开始,
http://www.ruanyifeng.com/blog/2015/05/require.html,Node,大前端,2021/03/23 00:00,未开始,
https://learnku.com/articles/38802,Node,大前端,2021/03/23 00:00,未开始,
https://www.cnblogs.com/dashnowords/p/10958457.html,Node,大前端,2021/03/23 00:00,未开始,
https://www.barretlee.com/blog/2017/06/06/dive-to-nodejs-at-stream-module/,Node,大前端,2021/03/24 00:00,未开始,
https://cloud.tencent.com/developer/article/1630068,Node,大前端,2021/03/24 00:00,未开始,
https://juejin.cn/post/6844903444839399438,Node,大前端,2021/03/25 00:00,未开始,
http://www.ayqy.net/blog/nodejs%E8%BF%9B%E7%A8%8B%E9%97%B4%E9%80%9A%E4%BF%A1/,Node,大前端,2021/03/25 00:00,未开始,
http://www.alloyteam.com/2013/12/node-js-series-exception-caught/,Node,大前端,2021/03/25 00:00,未开始,
https://refactoringguru.cn/design-patterns,设计架构,其他,2021/03/26 00:00,未开始,
https://www.jianshu.com/p/f667ea3e4a11,设计架构,其他,2021/03/29 00:00,未开始,
https://zhuanlan.zhihu.com/p/79899786,设计架构,其他,2021/03/30 00:00,未开始,
https://blog.csdn.net/zhangli_/article/details/50419783,设计架构,其他,2021/03/30 00:00,未开始,
https://www.jianshu.com/p/4b754ea48a40,设计架构,其他,2021/03/30 00:00,未开始,
https://bitable.feishu.cn/appqZ3ER93h8KtHXoQBX1DcER4c?table=tblyCmQgadfXai2c&view=vewExxoMGY,其他,其他,2021/03/31 00:00,未开始,
https://zhuanlan.zhihu.com/p/139064270,其他,其他,2021/03/31 00:00,未开始,
https://zhuanlan.zhihu.com/p/139952856,其他,其他,2021/03/31 00:00,未开始,